<?xml version="1.0" encoding="UTF-8"?>
<root>
  <item name="android.support.v4.app.ServiceCompat void stopForeground(android.app.Service, int) 1">
    <annotation name="android.support.annotation.IntDef">
      <val name="flag" val="true" />
      <val name="value" val="{android.support.v4.app.ServiceCompat.STOP_FOREGROUND_REMOVE, android.support.v4.app.ServiceCompat.STOP_FOREGROUND_DETACH}" />
    </annotation>
  </item>
  <item name="android.support.v4.app.ServiceCompat.Api24ServiceCompatImpl void stopForeground(android.app.Service, int) 1">
    <annotation name="android.support.annotation.IntDef">
      <val name="flag" val="true" />
      <val name="value" val="{android.support.v4.app.ServiceCompat.STOP_FOREGROUND_REMOVE, android.support.v4.app.ServiceCompat.STOP_FOREGROUND_DETACH}" />
    </annotation>
  </item>
  <item name="android.support.v4.app.ServiceCompat.BaseServiceCompatImpl void stopForeground(android.app.Service, int) 1">
    <annotation name="android.support.annotation.IntDef">
      <val name="flag" val="true" />
      <val name="value" val="{android.support.v4.app.ServiceCompat.STOP_FOREGROUND_REMOVE, android.support.v4.app.ServiceCompat.STOP_FOREGROUND_DETACH}" />
    </annotation>
  </item>
  <item name="android.support.v4.app.ServiceCompat.ServiceCompatImpl void stopForeground(android.app.Service, int) 1">
    <annotation name="android.support.annotation.IntDef">
      <val name="flag" val="true" />
      <val name="value" val="{android.support.v4.app.ServiceCompat.STOP_FOREGROUND_REMOVE, android.support.v4.app.ServiceCompat.STOP_FOREGROUND_DETACH}" />
    </annotation>
  </item>
</root>

