<?xml version="1.0" encoding="UTF-8"?>
<root>
  <item name="android.support.v4.media.MediaBrowserCompat.MediaItem MediaItem(android.support.v4.media.MediaDescriptionCompat, int) 1">
    <annotation name="android.support.annotation.IntDef">
      <val name="flag" val="true" />
      <val name="value" val="{android.support.v4.media.MediaBrowserCompat.MediaItem.FLAG_BROWSABLE, android.support.v4.media.MediaBrowserCompat.MediaItem.FLAG_PLAYABLE}" />
    </annotation>
  </item>
  <item name="android.support.v4.media.MediaBrowserCompat.MediaItem int getFlags()">
    <annotation name="android.support.annotation.IntDef">
      <val name="flag" val="true" />
      <val name="value" val="{android.support.v4.media.MediaBrowserCompat.MediaItem.FLAG_BROWSABLE, android.support.v4.media.MediaBrowserCompat.MediaItem.FLAG_PLAYABLE}" />
    </annotation>
  </item>
  <item name="android.support.v4.media.MediaBrowserServiceCompat.Result void onResultSent(T, int) 1">
    <annotation name="android.support.annotation.IntDef">
      <val name="flag" val="true" />
      <val name="value" val="{android.support.v4.media.MediaBrowserServiceCompat.RESULT_FLAG_OPTION_NOT_HANDLED}" />
    </annotation>
  </item>
  <item name="android.support.v4.media.MediaBrowserServiceCompat.Result void setFlags(int) 0">
    <annotation name="android.support.annotation.IntDef">
      <val name="flag" val="true" />
      <val name="value" val="{android.support.v4.media.MediaBrowserServiceCompat.RESULT_FLAG_OPTION_NOT_HANDLED}" />
    </annotation>
  </item>
  <item name="android.support.v4.media.MediaMetadataCompat PREFERRED_BITMAP_ORDER">
    <annotation name="android.support.annotation.StringDef">
      <val name="value" val="{android.support.v4.media.MediaMetadataCompat.METADATA_KEY_ART, android.support.v4.media.MediaMetadataCompat.METADATA_KEY_ALBUM_ART, android.support.v4.media.MediaMetadataCompat.METADATA_KEY_DISPLAY_ICON}" />
    </annotation>
  </item>
  <item name="android.support.v4.media.MediaMetadataCompat PREFERRED_DESCRIPTION_ORDER">
    <annotation name="android.support.annotation.StringDef">
      <val name="value" val="{android.support.v4.media.MediaMetadataCompat.METADATA_KEY_TITLE, android.support.v4.media.MediaMetadataCompat.METADATA_KEY_ARTIST, android.support.v4.media.MediaMetadataCompat.METADATA_KEY_ALBUM, android.support.v4.media.MediaMetadataCompat.METADATA_KEY_AUTHOR, android.support.v4.media.MediaMetadataCompat.METADATA_KEY_WRITER, android.support.v4.media.MediaMetadataCompat.METADATA_KEY_COMPOSER, android.support.v4.media.MediaMetadataCompat.METADATA_KEY_COMPILATION, android.support.v4.media.MediaMetadataCompat.METADATA_KEY_DATE, android.support.v4.media.MediaMetadataCompat.METADATA_KEY_GENRE, android.support.v4.media.MediaMetadataCompat.METADATA_KEY_ALBUM_ARTIST, android.support.v4.media.MediaMetadataCompat.METADATA_KEY_ART_URI, android.support.v4.media.MediaMetadataCompat.METADATA_KEY_ALBUM_ART_URI, android.support.v4.media.MediaMetadataCompat.METADATA_KEY_DISPLAY_TITLE, android.support.v4.media.MediaMetadataCompat.METADATA_KEY_DISPLAY_SUBTITLE, android.support.v4.media.MediaMetadataCompat.METADATA_KEY_DISPLAY_DESCRIPTION, android.support.v4.media.MediaMetadataCompat.METADATA_KEY_DISPLAY_ICON_URI, android.support.v4.media.MediaMetadataCompat.METADATA_KEY_MEDIA_ID, android.support.v4.media.MediaMetadataCompat.METADATA_KEY_MEDIA_URI}" />
    </annotation>
  </item>
  <item name="android.support.v4.media.MediaMetadataCompat PREFERRED_URI_ORDER">
    <annotation name="android.support.annotation.StringDef">
      <val name="value" val="{android.support.v4.media.MediaMetadataCompat.METADATA_KEY_TITLE, android.support.v4.media.MediaMetadataCompat.METADATA_KEY_ARTIST, android.support.v4.media.MediaMetadataCompat.METADATA_KEY_ALBUM, android.support.v4.media.MediaMetadataCompat.METADATA_KEY_AUTHOR, android.support.v4.media.MediaMetadataCompat.METADATA_KEY_WRITER, android.support.v4.media.MediaMetadataCompat.METADATA_KEY_COMPOSER, android.support.v4.media.MediaMetadataCompat.METADATA_KEY_COMPILATION, android.support.v4.media.MediaMetadataCompat.METADATA_KEY_DATE, android.support.v4.media.MediaMetadataCompat.METADATA_KEY_GENRE, android.support.v4.media.MediaMetadataCompat.METADATA_KEY_ALBUM_ARTIST, android.support.v4.media.MediaMetadataCompat.METADATA_KEY_ART_URI, android.support.v4.media.MediaMetadataCompat.METADATA_KEY_ALBUM_ART_URI, android.support.v4.media.MediaMetadataCompat.METADATA_KEY_DISPLAY_TITLE, android.support.v4.media.MediaMetadataCompat.METADATA_KEY_DISPLAY_SUBTITLE, android.support.v4.media.MediaMetadataCompat.METADATA_KEY_DISPLAY_DESCRIPTION, android.support.v4.media.MediaMetadataCompat.METADATA_KEY_DISPLAY_ICON_URI, android.support.v4.media.MediaMetadataCompat.METADATA_KEY_MEDIA_ID, android.support.v4.media.MediaMetadataCompat.METADATA_KEY_MEDIA_URI}" />
    </annotation>
  </item>
  <item name="android.support.v4.media.MediaMetadataCompat android.graphics.Bitmap getBitmap(java.lang.String) 0">
    <annotation name="android.support.annotation.StringDef">
      <val name="value" val="{android.support.v4.media.MediaMetadataCompat.METADATA_KEY_ART, android.support.v4.media.MediaMetadataCompat.METADATA_KEY_ALBUM_ART, android.support.v4.media.MediaMetadataCompat.METADATA_KEY_DISPLAY_ICON}" />
    </annotation>
  </item>
  <item name="android.support.v4.media.MediaMetadataCompat android.support.v4.media.RatingCompat getRating(java.lang.String) 0">
    <annotation name="android.support.annotation.StringDef">
      <val name="value" val="{android.support.v4.media.MediaMetadataCompat.METADATA_KEY_USER_RATING, android.support.v4.media.MediaMetadataCompat.METADATA_KEY_RATING}" />
    </annotation>
  </item>
  <item name="android.support.v4.media.MediaMetadataCompat java.lang.CharSequence getText(java.lang.String) 0">
    <annotation name="android.support.annotation.StringDef">
      <val name="value" val="{android.support.v4.media.MediaMetadataCompat.METADATA_KEY_TITLE, android.support.v4.media.MediaMetadataCompat.METADATA_KEY_ARTIST, android.support.v4.media.MediaMetadataCompat.METADATA_KEY_ALBUM, android.support.v4.media.MediaMetadataCompat.METADATA_KEY_AUTHOR, android.support.v4.media.MediaMetadataCompat.METADATA_KEY_WRITER, android.support.v4.media.MediaMetadataCompat.METADATA_KEY_COMPOSER, android.support.v4.media.MediaMetadataCompat.METADATA_KEY_COMPILATION, android.support.v4.media.MediaMetadataCompat.METADATA_KEY_DATE, android.support.v4.media.MediaMetadataCompat.METADATA_KEY_GENRE, android.support.v4.media.MediaMetadataCompat.METADATA_KEY_ALBUM_ARTIST, android.support.v4.media.MediaMetadataCompat.METADATA_KEY_ART_URI, android.support.v4.media.MediaMetadataCompat.METADATA_KEY_ALBUM_ART_URI, android.support.v4.media.MediaMetadataCompat.METADATA_KEY_DISPLAY_TITLE, android.support.v4.media.MediaMetadataCompat.METADATA_KEY_DISPLAY_SUBTITLE, android.support.v4.media.MediaMetadataCompat.METADATA_KEY_DISPLAY_DESCRIPTION, android.support.v4.media.MediaMetadataCompat.METADATA_KEY_DISPLAY_ICON_URI, android.support.v4.media.MediaMetadataCompat.METADATA_KEY_MEDIA_ID, android.support.v4.media.MediaMetadataCompat.METADATA_KEY_MEDIA_URI}" />
    </annotation>
  </item>
  <item name="android.support.v4.media.MediaMetadataCompat java.lang.String getString(java.lang.String) 0">
    <annotation name="android.support.annotation.StringDef">
      <val name="value" val="{android.support.v4.media.MediaMetadataCompat.METADATA_KEY_TITLE, android.support.v4.media.MediaMetadataCompat.METADATA_KEY_ARTIST, android.support.v4.media.MediaMetadataCompat.METADATA_KEY_ALBUM, android.support.v4.media.MediaMetadataCompat.METADATA_KEY_AUTHOR, android.support.v4.media.MediaMetadataCompat.METADATA_KEY_WRITER, android.support.v4.media.MediaMetadataCompat.METADATA_KEY_COMPOSER, android.support.v4.media.MediaMetadataCompat.METADATA_KEY_COMPILATION, android.support.v4.media.MediaMetadataCompat.METADATA_KEY_DATE, android.support.v4.media.MediaMetadataCompat.METADATA_KEY_GENRE, android.support.v4.media.MediaMetadataCompat.METADATA_KEY_ALBUM_ARTIST, android.support.v4.media.MediaMetadataCompat.METADATA_KEY_ART_URI, android.support.v4.media.MediaMetadataCompat.METADATA_KEY_ALBUM_ART_URI, android.support.v4.media.MediaMetadataCompat.METADATA_KEY_DISPLAY_TITLE, android.support.v4.media.MediaMetadataCompat.METADATA_KEY_DISPLAY_SUBTITLE, android.support.v4.media.MediaMetadataCompat.METADATA_KEY_DISPLAY_DESCRIPTION, android.support.v4.media.MediaMetadataCompat.METADATA_KEY_DISPLAY_ICON_URI, android.support.v4.media.MediaMetadataCompat.METADATA_KEY_MEDIA_ID, android.support.v4.media.MediaMetadataCompat.METADATA_KEY_MEDIA_URI}" />
    </annotation>
  </item>
  <item name="android.support.v4.media.MediaMetadataCompat long getLong(java.lang.String) 0">
    <annotation name="android.support.annotation.StringDef">
      <val name="value" val="{android.support.v4.media.MediaMetadataCompat.METADATA_KEY_DURATION, android.support.v4.media.MediaMetadataCompat.METADATA_KEY_YEAR, android.support.v4.media.MediaMetadataCompat.METADATA_KEY_TRACK_NUMBER, android.support.v4.media.MediaMetadataCompat.METADATA_KEY_NUM_TRACKS, android.support.v4.media.MediaMetadataCompat.METADATA_KEY_DISC_NUMBER, android.support.v4.media.MediaMetadataCompat.METADATA_KEY_BT_FOLDER_TYPE}" />
    </annotation>
  </item>
  <item name="android.support.v4.media.MediaMetadataCompat.Builder android.support.v4.media.MediaMetadataCompat.Builder putBitmap(java.lang.String, android.graphics.Bitmap) 0">
    <annotation name="android.support.annotation.StringDef">
      <val name="value" val="{android.support.v4.media.MediaMetadataCompat.METADATA_KEY_ART, android.support.v4.media.MediaMetadataCompat.METADATA_KEY_ALBUM_ART, android.support.v4.media.MediaMetadataCompat.METADATA_KEY_DISPLAY_ICON}" />
    </annotation>
  </item>
  <item name="android.support.v4.media.MediaMetadataCompat.Builder android.support.v4.media.MediaMetadataCompat.Builder putLong(java.lang.String, long) 0">
    <annotation name="android.support.annotation.StringDef">
      <val name="value" val="{android.support.v4.media.MediaMetadataCompat.METADATA_KEY_DURATION, android.support.v4.media.MediaMetadataCompat.METADATA_KEY_YEAR, android.support.v4.media.MediaMetadataCompat.METADATA_KEY_TRACK_NUMBER, android.support.v4.media.MediaMetadataCompat.METADATA_KEY_NUM_TRACKS, android.support.v4.media.MediaMetadataCompat.METADATA_KEY_DISC_NUMBER, android.support.v4.media.MediaMetadataCompat.METADATA_KEY_BT_FOLDER_TYPE}" />
    </annotation>
  </item>
  <item name="android.support.v4.media.MediaMetadataCompat.Builder android.support.v4.media.MediaMetadataCompat.Builder putRating(java.lang.String, android.support.v4.media.RatingCompat) 0">
    <annotation name="android.support.annotation.StringDef">
      <val name="value" val="{android.support.v4.media.MediaMetadataCompat.METADATA_KEY_USER_RATING, android.support.v4.media.MediaMetadataCompat.METADATA_KEY_RATING}" />
    </annotation>
  </item>
  <item name="android.support.v4.media.MediaMetadataCompat.Builder android.support.v4.media.MediaMetadataCompat.Builder putString(java.lang.String, java.lang.String) 0">
    <annotation name="android.support.annotation.StringDef">
      <val name="value" val="{android.support.v4.media.MediaMetadataCompat.METADATA_KEY_TITLE, android.support.v4.media.MediaMetadataCompat.METADATA_KEY_ARTIST, android.support.v4.media.MediaMetadataCompat.METADATA_KEY_ALBUM, android.support.v4.media.MediaMetadataCompat.METADATA_KEY_AUTHOR, android.support.v4.media.MediaMetadataCompat.METADATA_KEY_WRITER, android.support.v4.media.MediaMetadataCompat.METADATA_KEY_COMPOSER, android.support.v4.media.MediaMetadataCompat.METADATA_KEY_COMPILATION, android.support.v4.media.MediaMetadataCompat.METADATA_KEY_DATE, android.support.v4.media.MediaMetadataCompat.METADATA_KEY_GENRE, android.support.v4.media.MediaMetadataCompat.METADATA_KEY_ALBUM_ARTIST, android.support.v4.media.MediaMetadataCompat.METADATA_KEY_ART_URI, android.support.v4.media.MediaMetadataCompat.METADATA_KEY_ALBUM_ART_URI, android.support.v4.media.MediaMetadataCompat.METADATA_KEY_DISPLAY_TITLE, android.support.v4.media.MediaMetadataCompat.METADATA_KEY_DISPLAY_SUBTITLE, android.support.v4.media.MediaMetadataCompat.METADATA_KEY_DISPLAY_DESCRIPTION, android.support.v4.media.MediaMetadataCompat.METADATA_KEY_DISPLAY_ICON_URI, android.support.v4.media.MediaMetadataCompat.METADATA_KEY_MEDIA_ID, android.support.v4.media.MediaMetadataCompat.METADATA_KEY_MEDIA_URI}" />
    </annotation>
  </item>
  <item name="android.support.v4.media.MediaMetadataCompat.Builder android.support.v4.media.MediaMetadataCompat.Builder putText(java.lang.String, java.lang.CharSequence) 0">
    <annotation name="android.support.annotation.StringDef">
      <val name="value" val="{android.support.v4.media.MediaMetadataCompat.METADATA_KEY_TITLE, android.support.v4.media.MediaMetadataCompat.METADATA_KEY_ARTIST, android.support.v4.media.MediaMetadataCompat.METADATA_KEY_ALBUM, android.support.v4.media.MediaMetadataCompat.METADATA_KEY_AUTHOR, android.support.v4.media.MediaMetadataCompat.METADATA_KEY_WRITER, android.support.v4.media.MediaMetadataCompat.METADATA_KEY_COMPOSER, android.support.v4.media.MediaMetadataCompat.METADATA_KEY_COMPILATION, android.support.v4.media.MediaMetadataCompat.METADATA_KEY_DATE, android.support.v4.media.MediaMetadataCompat.METADATA_KEY_GENRE, android.support.v4.media.MediaMetadataCompat.METADATA_KEY_ALBUM_ARTIST, android.support.v4.media.MediaMetadataCompat.METADATA_KEY_ART_URI, android.support.v4.media.MediaMetadataCompat.METADATA_KEY_ALBUM_ART_URI, android.support.v4.media.MediaMetadataCompat.METADATA_KEY_DISPLAY_TITLE, android.support.v4.media.MediaMetadataCompat.METADATA_KEY_DISPLAY_SUBTITLE, android.support.v4.media.MediaMetadataCompat.METADATA_KEY_DISPLAY_DESCRIPTION, android.support.v4.media.MediaMetadataCompat.METADATA_KEY_DISPLAY_ICON_URI, android.support.v4.media.MediaMetadataCompat.METADATA_KEY_MEDIA_ID, android.support.v4.media.MediaMetadataCompat.METADATA_KEY_MEDIA_URI}" />
    </annotation>
  </item>
  <item name="android.support.v4.media.RatingCompat RatingCompat(int, float) 0">
    <annotation name="android.support.annotation.IntDef">
      <val name="value" val="{android.support.v4.media.RatingCompat.RATING_NONE, android.support.v4.media.RatingCompat.RATING_HEART, android.support.v4.media.RatingCompat.RATING_THUMB_UP_DOWN, android.support.v4.media.RatingCompat.RATING_3_STARS, android.support.v4.media.RatingCompat.RATING_4_STARS, android.support.v4.media.RatingCompat.RATING_5_STARS, android.support.v4.media.RatingCompat.RATING_PERCENTAGE}" />
    </annotation>
  </item>
  <item name="android.support.v4.media.RatingCompat android.support.v4.media.RatingCompat newStarRating(int, float) 0">
    <annotation name="android.support.annotation.IntDef">
      <val name="value" val="{android.support.v4.media.RatingCompat.RATING_3_STARS, android.support.v4.media.RatingCompat.RATING_4_STARS, android.support.v4.media.RatingCompat.RATING_5_STARS}" />
    </annotation>
  </item>
  <item name="android.support.v4.media.RatingCompat android.support.v4.media.RatingCompat newUnratedRating(int) 0">
    <annotation name="android.support.annotation.IntDef">
      <val name="value" val="{android.support.v4.media.RatingCompat.RATING_NONE, android.support.v4.media.RatingCompat.RATING_HEART, android.support.v4.media.RatingCompat.RATING_THUMB_UP_DOWN, android.support.v4.media.RatingCompat.RATING_3_STARS, android.support.v4.media.RatingCompat.RATING_4_STARS, android.support.v4.media.RatingCompat.RATING_5_STARS, android.support.v4.media.RatingCompat.RATING_PERCENTAGE}" />
    </annotation>
  </item>
  <item name="android.support.v4.media.RatingCompat int getRatingStyle()">
    <annotation name="android.support.annotation.IntDef">
      <val name="value" val="{android.support.v4.media.RatingCompat.RATING_NONE, android.support.v4.media.RatingCompat.RATING_HEART, android.support.v4.media.RatingCompat.RATING_THUMB_UP_DOWN, android.support.v4.media.RatingCompat.RATING_3_STARS, android.support.v4.media.RatingCompat.RATING_4_STARS, android.support.v4.media.RatingCompat.RATING_5_STARS, android.support.v4.media.RatingCompat.RATING_PERCENTAGE}" />
    </annotation>
  </item>
  <item name="android.support.v4.media.VolumeProviderCompat VolumeProviderCompat(int, int, int) 0">
    <annotation name="android.support.annotation.IntDef">
      <val name="value" val="{android.support.v4.media.VolumeProviderCompat.VOLUME_CONTROL_FIXED, android.support.v4.media.VolumeProviderCompat.VOLUME_CONTROL_RELATIVE, android.support.v4.media.VolumeProviderCompat.VOLUME_CONTROL_ABSOLUTE}" />
    </annotation>
  </item>
  <item name="android.support.v4.media.VolumeProviderCompat int getVolumeControl()">
    <annotation name="android.support.annotation.IntDef">
      <val name="value" val="{android.support.v4.media.VolumeProviderCompat.VOLUME_CONTROL_FIXED, android.support.v4.media.VolumeProviderCompat.VOLUME_CONTROL_RELATIVE, android.support.v4.media.VolumeProviderCompat.VOLUME_CONTROL_ABSOLUTE}" />
    </annotation>
  </item>
</root>

